Image name,Class,Page width text line,Half page width text line,Page height vertical separator,Half page height vertical separator,Multi fonts
IE64583160_0009.jpg,0,0,0,0,0,0
IE58792623_0017.jpg,0,0,0,0,0,0
IE64583877_0001.jpg,0,0,0,0,0,0
IE57474889_0051.jpg,0,0,0,0,0,0
IE60253992_0135.jpg,0,0,0,0,0,0
IE62699092_0013.jpg,0,0,0,0,0,0
IE119814_0002.jpg,0,0,0,0,0,0
IE57476098_0076.jpg,0,0,0,0,0,0
IE66665982_0166.jpg,0,0,0,0,0,0
IE57478263_0061.jpg,0,0,0,0,0,0
IE38260318_0032.jpg,0,0,0,0,0,0
IE119967_0005.jpg,0,0,0,0,0,0
IE119997_0003.jpg,0,0,0,0,0,0
IE120000_0003.jpg,0,0,0,0,0,0
IE120027_0001.jpg,0,0,0,0,0,0
IE120069_0004.jpg,0,0,0,0,0,0
IE48475257_0404.jpg,0,0,0,0,0,0
IE119367_0144.jpg,0,0,0,0,0,0
IE119379_0002.jpg,0,0,0,0,0,0
IE119384_0014.jpg,0,0,0,0,0,0
IE119439_0019.jpg,0,0,0,0,0,0
IE119466_0005.jpg,0,0,0,0,0,0
IE119487_0014.jpg,0,0,0,0,0,0
IE58957425_0062.jpg,0,0,0,0,0,0
IE58957712_0003.jpg,0,0,0,0,0,0
IE60371992_0004.jpg,0,0,0,0,0,0
IE119553_0033.jpg,0,0,0,0,0,0
IE38813836_0010.jpg,0,0,0,0,0,0
IE35657253_0040.jpg,0,0,0,0,0,0
IE35657298_0021.jpg,0,0,0,0,0,0
IE120190_0013.jpg,0,0,0,0,0,0
IE66148084_0001.jpg,0,0,0,0,0,0
IE119652_0002.jpg,0,0,0,0,0,0
IE119673_0000.jpg,0,0,0,0,0,0
IE66180397_0020.jpg,0,0,0,0,0,0
IE66180727_0014.jpg,0,0,0,0,0,0
IE66681096_0027.jpg,0,0,0,0,0,0
IE34238012_0009.jpg,0,0,0,0,0,0
IE120219_0590.jpg,0,0,0,0,0,0
IE61536503_0032.jpg,0,0,0,0,0,0
IE119736_0015.jpg,0,0,0,0,0,0
IE120276_0116.jpg,0,0,0,0,0,0
IE67796223_0036.jpg,0,0,0,0,0,0
IE67945399_0013.jpg,0,0,0,0,0,0
IE48613712_0042.jpg,0,0,0,0,0,0
IE67945666_0000.jpg,0,0,0,0,0,0
IE118602_0003.jpg,0,0,0,0,0,0
IE67947199_0037.jpg,0,0,0,0,0,0
IE118893_0005.jpg,0,0,0,0,0,0
IE118920_0011.jpg,0,0,0,0,0,0
IE120329_0001.jpg,0,0,0,0,0,0
IE61657030_0031.jpg,0,0,0,0,0,0
IE66254264_0053.jpg,0,0,0,0,0,0
IE56495956_0009.jpg,0,0,0,0,0,0
IE61657457_0049.jpg,0,0,0,0,0,0
IE67981988_0009.jpg,0,0,0,0,0,0
IE66260947_0139.jpg,0,0,0,0,0,0
IE120345_0017.jpg,0,0,0,0,0,0
IE44766976_0019.jpg,0,0,0,0,0,0
IE65701359_0012.jpg,0,0,0,0,0,0
IE48688624_0150.jpg,0,0,0,0,0,0
IE48772136_0023.jpg,0,0,0,0,0,0
IE65734763_0087.jpg,0,0,0,0,0,0
IE65799908_0069.jpg,0,0,0,0,0,0
IE46783809_0011.jpg,0,0,0,0,0,0
IE66728805_0022.jpg,0,0,0,0,0,0
IE56702551_0015.jpg,0,0,0,0,0,0
IE37283655_0019.jpg,0,0,0,0,0,0
IE65933252_0204.jpg,0,0,0,0,0,0
IE56718597_0173.jpg,0,0,0,0,0,0
IE35319556_0011.jpg,0,0,0,0,0,0
IE37363264_0010.jpg,0,0,0,0,0,0
IE119091_0002.jpg,0,0,0,0,0,0
IE35420922_0001.jpg,0,0,0,0,0,0
IE119316_0017.jpg,0,0,0,0,0,0
IE32318255_0018.jpg,0,0,0,0,0,0
IE65962294_0005.jpg,0,0,0,0,0,0
IE59401992_0000.jpg,0,0,0,0,0,0
IE59402246_0023.jpg,0,0,0,0,0,0
IE46823401_0028.jpg,0,0,0,0,0,0
IE35539232_0004.jpg,0,0,0,0,0,0
IE68839522_0083.jpg,0,0,0,0,0,0
IE47021434_0017.jpg,0,0,0,0,0,0
IE66502727_0140.jpg,0,0,0,0,0,0
IE66508713_0008.jpg,0,0,0,0,0,0
IE61827665_0023.jpg,0,0,0,0,0,0
IE61827673_0010.jpg,0,0,0,0,0,0
IE66509181_0084.jpg,0,0,0,0,0,0
IE57159558_0036.jpg,0,0,0,0,0,0
IE66635852_0013.jpg,0,0,0,0,0,0
IE47473932_0039.jpg,0,0,0,0,0,0
IE66648683_0109.jpg,0,0,0,0,0,0
IE47537464_0034.jpg,0,0,0,0,0,0
IE47537555_0026.jpg,0,0,0,0,0,0
IE32912992_0013.jpg,0,0,0,0,0,0
IE57268724_0070.jpg,0,0,0,0,0,0
IE60688860_0001.jpg,0,0,0,0,0,0
IE59425952_0022.jpg,0,0,0,0,0,0
IE62150973_0008.jpg,0,0,0,0,0,0
IE62151152_0034.jpg,0,0,0,0,0,0
IE37838994_0015.jpg,0,0,0,0,0,0
IE69935772_0227.jpg,0,0,0,0,0,0
IE48440325_0017.jpg,0,0,0,0,0,0
IE69970733_0000.jpg,0,0,0,0,0,0
IE69970822_0021.jpg,0,0,0,0,0,0
IE37900013_0011.jpg,0,0,0,0,0,0
IE69972191_0031.jpg,0,0,0,0,0,0
IE51065174_0171.jpg,0,0,0,0,0,0
IE58617739_0110.jpg,0,0,0,0,0,0
IE62187519_0024.jpg,0,0,0,0,0,0
IE58625766_0027.jpg,0,0,0,0,0,0
IE66835884_0012.jpg,0,0,0,0,0,0
IE66836005_0005.jpg,0,0,0,0,0,0
IE58646872_0013.jpg,0,0,0,0,0,0
IE58675007_0005.jpg,0,0,0,0,0,0
IE58707472_0005.jpg,0,0,0,0,0,0
IE53765756_0006.jpg,0,0,0,0,0,0
IE53765894_0057.jpg,0,0,0,0,0,0
IE59613306_0007.jpg,0,0,0,0,0,0
IE66909299_0078.jpg,0,0,0,0,0,0
IE63208668_0263.jpg,0,0,0,0,0,0
IE60884455_0305.jpg,0,0,0,0,0,0
IE60122532_0007.jpg,0,0,0,0,0,0
IE55280612_0262.jpg,0,0,0,0,0,0
IE64168036_0002.jpg,0,0,0,0,0,0
IE60918712_0045.jpg,0,0,0,0,0,0
IE60925548_0021.jpg,0,0,0,0,0,0
IE60925626_0019.jpg,0,0,0,0,0,0
IE60925861_0093.jpg,0,0,0,0,0,0
IE61008052_0000.jpg,0,0,0,0,0,0
IE61140715_0005.jpg,0,0,0,0,0,0
IE61197520_0005.jpg,0,0,0,0,0,0
IE61300486_0015.jpg,0,0,0,0,0,0
IE103047778_0052.jpg,0,0,0,0,0,0
IE103063777_0077.jpg,0,0,0,0,0,0
IE105115218_0023.jpg,0,0,0,0,0,0
IE103092011_0034.jpg,0,0,0,0,0,0
IE103093139_0055.jpg,0,0,0,0,0,0
IE103908065_0038.jpg,0,0,0,0,0,0
IE103954758_0027.jpg,0,0,0,0,0,0
IE103111032_0044.jpg,0,0,0,0,0,0
IE103132027_0009.jpg,0,0,0,0,0,0
IE103962366_0138.jpg,0,0,0,0,0,0
IE105232238_0005.jpg,0,0,0,0,0,0
IE103474872_0007.jpg,0,0,0,0,0,0
IE103480537_0003.jpg,0,0,0,0,0,0
IE104160374_0039.jpg,0,0,0,0,0,0
IE105534563_0016.jpg,0,0,0,0,0,0
IE105672292_0008.jpg,0,0,0,0,0,0
IE104192352_0014.jpg,0,0,0,0,0,0
IE104352369_0026.jpg,0,0,0,0,0,0
IE104384430_0186.jpg,0,0,0,0,0,0
IE103866990_0003.jpg,0,0,0,0,0,0
IE87376532_0011.jpg,0,0,0,0,0,0
IE86994728_0056.jpg,0,0,0,0,0,0
IE87004056_0019.jpg,0,0,0,0,0,0
IE87004206_0006.jpg,0,0,0,0,0,0
IE87387381_0031.jpg,0,0,0,0,0,0
IE87874818_0084.jpg,0,0,0,0,0,0
IE87879303_0132.jpg,0,0,0,0,0,0
IE87788265_0030.jpg,0,0,0,0,0,0
IE87548096_0027.jpg,0,0,0,0,0,0
IE87728414_0010.jpg,0,0,0,0,0,0
IE87728788_0020.jpg,0,0,0,0,0,0
IE87734104_0036.jpg,0,0,0,0,0,0
IE109826197_0239.jpg,0,0,0,0,0,0
IE87760769_0008.jpg,0,0,0,0,0,0
IE83400298_0036.jpg,0,0,0,0,0,0
IE88120055_0008.jpg,0,0,0,0,0,0
IE88120326_0008.jpg,0,0,0,0,0,0
IE88122319_0018.jpg,0,0,0,0,0,0
IE83419568_0012.jpg,0,0,0,0,0,0
IE106595191_0354.jpg,0,0,0,0,0,0
IE87993851_0320.jpg,0,0,0,0,0,0
IE87354003_0030.jpg,0,0,0,0,0,0
IE87354472_0004.jpg,0,0,0,0,0,0
IE87826184_0101.jpg,0,0,0,0,0,0
IE106650347_0111.jpg,0,0,0,0,0,0
IE106652819_0027.jpg,0,0,0,0,0,0
IE87831129_0096.jpg,0,0,0,0,0,0
IE106685338_0114.jpg,0,0,0,0,0,0
IE87358907_0010.jpg,0,0,0,0,0,0
IE87361515_0002.jpg,0,0,0,0,0,0
IE87363222_0002.jpg,0,0,0,0,0,0
IE87364292_0008.jpg,0,0,0,0,0,0
IE107957629_0192.jpg,0,0,0,0,0,0
IE112442670_0018.jpg,0,0,0,0,0,0
IE87841954_0100.jpg,0,0,0,0,0,0
IE87843146_0076.jpg,0,0,0,0,0,0
IE87368786_0026.jpg,0,0,0,0,0,0
IE87374494_0064.jpg,0,0,0,0,0,0
IE88088925_0004.jpg,0,0,0,0,0,0
IE88089721_0019.jpg,0,0,0,0,0,0
IE113465771_0008.jpg,0,0,0,0,0,0
IE113505608_0005.jpg,0,0,0,0,0,0
IE114211365_0005.jpg,0,0,0,0,0,0
IE70134875_0002.jpg,0,0,0,0,0,0
IE108096109_0054.jpg,0,0,0,0,0,0
IE94228465_0013.jpg,0,0,0,0,0,0
IE94012035_0059.jpg,0,0,0,0,0,0
IE94015842_0009.jpg,0,0,0,0,0,0
IE94304596_0031.jpg,0,0,0,0,0,0
IE94403328_0010.jpg,0,0,0,0,0,0
IE93607934_0011.jpg,0,0,0,0,0,0
IE93927593_0046 - Copy.jpg,0,0,0,0,0,0
IE94019070_0250.jpg,0,0,0,0,0,0
IE94021968_0010.jpg,0,0,0,0,0,0
IE94309380_0009.jpg,0,0,0,0,0,0
IE94310355_0021.jpg,0,0,0,0,0,0
IE93943301_0037.jpg,0,0,0,0,0,0
IE94312047_0054.jpg,0,0,0,0,0,0
IE94312119_0026.jpg,0,0,0,0,0,0
IE93946553_0148.jpg,0,0,0,0,0,0
IE93948399_0024.jpg,0,0,0,0,0,0
IE94175237_0018.jpg,0,0,0,0,0,0
IE86968223_0002.jpg,0,0,0,0,0,0
IE94438966_0029.jpg,0,0,0,0,0,0
IE94044492_0101.jpg,0,0,0,0,0,0
IE94440290_0268.jpg,0,0,0,0,0,0
IE86980098_0021.jpg,0,0,0,0,0,0
IE86982827_0003.jpg,0,0,0,0,0,0
IE93970132_0023.jpg,0,0,0,0,0,0
IE86986128_0000.jpg,0,0,0,0,0,0
IE94176101_0043.jpg,0,0,0,0,0,0
IE86986697_0028.jpg,0,0,0,0,0,0
IE86990183_0010.jpg,0,0,0,0,0,0
IE86990235_0004.jpg,0,0,0,0,0,0
IE94046686_0028.jpg,0,0,0,0,0,0
IE94047856_0000.jpg,0,0,0,0,0,0
IE86990385_0009.jpg,0,0,0,0,0,0
IE93617124_0299.jpg,0,0,0,0,0,0
IE94290622_0014.jpg,0,0,0,0,0,0
IE91336516_0022.jpg,0,0,0,0,0,0
IE94294223_0020.jpg,0,0,0,0,0,0
IE91342938_0027.jpg,0,0,0,0,0,0
IE94295676_0017.jpg,0,0,0,0,0,0
IE93981924_0001.jpg,0,0,0,0,0,0
IE93986478_0090.jpg,0,0,0,0,0,0
IE91347602_0054.jpg,0,0,0,0,0,0
IE94187607_0002.jpg,0,0,0,0,0,0
IE94456646_0003.jpg,0,0,0,0,0,0
IE94460542_0113.jpg,0,0,0,0,0,0
IE93495994_0028 - Copy.jpg,0,0,0,0,0,0
IE93500013_0013 - Copy.jpg,0,0,0,0,0,0
IE95482528_0006.jpg,0,0,0,0,0,0
IE107419320_0010.jpg,0,0,0,0,0,0
IE107489266_0072.jpg,0,0,0,0,0,0
IE94073102_0096.jpg,0,0,0,0,0,0
IE87681909_0178.jpg,0,0,0,0,0,0
IE94214372_0022.jpg,0,0,0,0,0,0
IE93502955_0085 - Copy.jpg,0,0,0,0,0,0
IE95713516_0001.jpg,0,0,0,0,0,0
IE94078979_0024.jpg,0,0,0,0,0,0
IE95507560_0006.jpg,0,0,0,0,0,0
IE95517498_0022.jpg,0,0,0,0,0,0
IE87690674_0046.jpg,0,0,0,0,0,0
IE94220753_0003.jpg,0,0,0,0,0,0
IE94792197_0005.jpg,0,0,0,0,0,0
IE95726227_0022.jpg,0,0,0,0,0,0
IE94796726_0015.jpg,0,0,0,0,0,0
IE93520389_0016 - Copy.jpg,0,0,0,0,0,0
IE93526711_0005 - Copy.jpg,0,0,0,0,0,0
IE95405769_0248.jpg,0,0,0,0,0,0
IE94823358_0164.jpg,0,0,0,0,0,0
IE108989096_0020.jpg,0,0,0,0,0,0
IE94835684_0004.jpg,0,0,0,0,0,0
IE93528156_0068 - Copy.jpg,0,0,0,0,0,0
IE95240935_0014.jpg,0,0,0,0,0,0
IE93780396_0005 - Copy.jpg,0,0,0,0,0,0
IE10593044_0003.jpg,0,0,0,0,0,0
IE10597205_0010.jpg,0,0,0,0,0,0
IE10610195_0116.jpg,0,0,0,0,0,0
IE20736280_0004.jpg,0,0,0,0,0,0
IE20740686_0011.jpg,0,0,0,0,0,0
IE10759378_0006.jpg,0,0,0,0,0,0
IE10862641_0051.jpg,0,0,0,0,0,0
IE10884948_0063.jpg,0,0,0,0,0,0
IE14840751_0016.jpg,0,0,0,0,0,0
IE22437511_0007.jpg,0,0,0,0,0,0
IE20850244_0187.jpg,0,0,0,0,0,0
IE12350659_0009.jpg,0,0,0,0,0,0
IE15074301_0019.jpg,0,0,0,0,0,0
IE12690256_0156.jpg,0,0,0,0,0,0
IE19392370_0007.jpg,0,0,0,0,0,0
IE22645829_0030.jpg,0,0,0,0,0,0
IE19590228_0010.jpg,0,0,0,0,0,0
IE19590337_0019.jpg,0,0,0,0,0,0
IE19592398_0044.jpg,0,0,0,0,0,0
IE19611057_0002.jpg,0,0,0,0,0,0
IE13998198_0000.jpg,0,0,0,0,0,0
IE15860987_0061.jpg,0,0,0,0,0,0
IE20238797_0027.jpg,0,0,0,0,0,0
IE21442926_0096.jpg,0,0,0,0,0,0
IE21980659_0134.jpg,0,0,0,0,0,0
IE16366124_0014.jpg,0,0,0,0,0,0
IE24752499_0095.jpg,0,0,0,0,0,0
IE28300272_0000.jpg,0,0,0,0,0,0
IE28903522_0005.jpg,0,0,0,0,0,0
IE30411733_0072.jpg,0,0,0,0,0,0
IE16879917_0024.jpg,0,0,0,0,0,0
IE119337_0037.jpg,1,1,0,0,0,0
IE119793_0001.jpg,1,1,0,0,0,0
IE119796_0017.jpg,1,1,0,0,0,0
IE64585568_0000.jpg,1,1,0,0,0,0
IE119804_0000.jpg,1,1,0,0,0,0
IE119808_0044.jpg,1,1,0,0,0,0
IE119811_0008.jpg,1,1,0,0,0,0
IE35586732_0007.jpg,1,1,0,0,0,0
IE35586745_0000.jpg,1,1,0,0,0,0
IE119820_0031.jpg,1,1,0,0,0,0
IE119823_0009.jpg,1,1,0,0,0,0
IE119828_0012.jpg,1,1,0,0,0,0
IE119832_0018.jpg,1,1,0,0,0,0
IE119843_0001.jpg,1,1,0,0,0,0
IE119856_0013.jpg,1,1,0,0,0,0
IE119338_0409.jpg,1,1,0,0,0,0
IE119859_0022.jpg,1,1,0,0,0,0
IE119882_0030.jpg,1,1,0,0,0,0
IE119889_0018.jpg,1,1,0,0,0,0
IE119343_0024.jpg,1,1,0,0,0,0
IE119892_0027.jpg,1,1,0,0,0,0
IE119898_0003.jpg,1,1,0,0,0,0
IE119907_0003.jpg,1,1,0,0,0,0
IE119910_0044.jpg,1,1,0,0,0,0
IE119346_0114.jpg,1,1,0,0,0,0
IE119925_0004.jpg,1,1,0,0,0,0
IE119348_0295.jpg,1,1,0,0,0,0
IE119928_0304.jpg,1,1,0,0,0,0
IE119961_0001.jpg,1,1,0,0,0,0
IE119974_0003.jpg,1,1,0,0,0,0
IE119979_0017.jpg,1,1,0,0,0,0
IE119991_0013.jpg,1,1,0,0,0,0
IE120009_0008.jpg,1,1,0,0,0,0
IE120019_0018.jpg,1,1,0,0,0,0
IE120024_0011.jpg,1,1,0,0,0,0
IE120032_0014.jpg,1,1,0,0,0,0
IE120036_0010.jpg,1,1,0,0,0,0
IE120039_0000.jpg,1,1,0,0,0,0
IE120054_0006.jpg,1,1,0,0,0,0
IE120081_0005.jpg,1,1,0,0,0,0
IE119355_0086.jpg,1,1,0,0,0,0
IE120096_0039.jpg,1,1,0,0,0,0
IE119358_0068.jpg,1,1,0,0,0,0
IE119382_0019.jpg,1,1,0,0,0,0
IE120129_0000.jpg,1,1,0,0,0,0
IE119388_0034.jpg,1,1,0,0,0,0
IE119391_0013.jpg,1,1,0,0,0,0
IE120132_0031.jpg,1,1,0,0,0,0
IE119394_0152.jpg,1,1,0,0,0,0
IE119397_0024.jpg,1,1,0,0,0,0
IE119400_0000.jpg,1,1,0,0,0,0
IE119415_0011.jpg,1,1,0,0,0,0
IE119427_0056.jpg,1,1,0,0,0,0
IE119433_0293.jpg,1,1,0,0,0,0
IE119436_0022.jpg,1,1,0,0,0,0
IE119442_0028.jpg,1,1,0,0,0,0
IE119445_0034.jpg,1,1,0,0,0,0
IE119454_0037.jpg,1,1,0,0,0,0
IE119460_0060.jpg,1,1,0,0,0,0
IE119462_0016.jpg,1,1,0,0,0,0
IE119469_0017.jpg,1,1,0,0,0,0
IE119475_0017.jpg,1,1,0,0,0,0
IE119478_0009.jpg,1,1,0,0,0,0
IE119481_0002.jpg,1,1,0,0,0,0
IE119496_0081.jpg,1,1,0,0,0,0
IE119499_0178.jpg,1,1,0,0,0,0
IE119502_0004.jpg,1,1,0,0,0,0
IE119508_0030.jpg,1,1,0,0,0,0
IE119511_0047.jpg,1,1,0,0,0,0
IE119514_0225.jpg,1,1,0,0,0,0
IE119517_0016.jpg,1,1,0,0,0,0
IE119518_0018.jpg,1,1,0,0,0,0
IE119523_0038.jpg,1,1,0,0,0,0
IE119529_0058.jpg,1,1,0,0,0,0
IE119532_0049.jpg,1,1,0,0,0,0
IE119559_0059.jpg,1,1,0,0,0,0
IE119566_0059.jpg,1,1,0,0,0,0
IE119577_0007.jpg,1,1,0,0,0,0
IE119578_0018.jpg,1,1,0,0,0,0
IE119583_0015.jpg,1,1,0,0,0,0
IE119586_0004.jpg,1,1,0,0,0,0
IE119588_0005.jpg,1,1,0,0,0,0
IE119592_0010.jpg,1,1,0,0,0,0
IE119595_0093.jpg,1,1,0,0,0,0
IE119598_0071.jpg,1,1,0,0,0,0
IE119601_0002.jpg,1,1,0,0,0,0
IE119604_0230.jpg,1,1,0,0,0,0
IE119610_0011.jpg,1,1,0,0,0,0
IE119613_0026.jpg,1,1,0,0,0,0
IE119622_0015.jpg,1,1,0,0,0,0
IE119623_0033.jpg,1,1,0,0,0,0
IE119628_0002.jpg,1,1,0,0,0,0
IE120189_0068.jpg,1,1,0,0,0,0
IE119631_0109.jpg,1,1,0,0,0,0
IE119634_0033.jpg,1,1,0,0,0,0
IE119637_0004.jpg,1,1,0,0,0,0
IE120207_0008.jpg,1,1,0,0,0,0
IE119640_0007.jpg,1,1,0,0,0,0
IE119649_0031.jpg,1,1,0,0,0,0
IE119658_0023.jpg,1,1,0,0,0,0
IE120210_0121.jpg,1,1,0,0,0,0
IE119664_0656.jpg,1,1,0,0,0,0
IE119679_0030.jpg,1,1,0,0,0,0
IE119682_0020.jpg,1,1,0,0,0,0
IE119688_0003.jpg,1,1,0,0,0,0
IE34246204_0013.jpg,1,1,0,0,0,0
IE34246257_0008.jpg,1,1,0,0,0,0
IE66685251_0016.jpg,1,1,0,0,0,0
IE119697_0176.jpg,1,1,0,0,0,0
IE120222_0149.jpg,1,1,0,0,0,0
IE119703_0037.jpg,1,1,0,0,0,0
IE120237_0013.jpg,1,1,0,0,0,0
IE119706_0057.jpg,1,1,0,0,0,0
IE119709_0000.jpg,1,1,0,0,0,0
IE120246_0019.jpg,1,1,0,0,0,0
IE120249_0024.jpg,1,1,0,0,0,0
IE120255_0007.jpg,1,1,0,0,0,0
IE119712_0113.jpg,1,1,0,0,0,0
IE119724_0558.jpg,1,1,0,0,0,0
IE119742_0031.jpg,1,1,0,0,0,0
IE67794813_0017.jpg,1,1,0,0,0,0
IE120285_0011.jpg,1,1,0,0,0,0
IE119745_0774.jpg,1,1,0,0,0,0
IE119757_0027.jpg,1,1,0,0,0,0
IE118548_0010.jpg,1,1,0,0,0,0
IE118560_0001.jpg,1,1,0,0,0,0
IE120288_0133.jpg,1,1,0,0,0,0
IE118575_0006.jpg,1,1,0,0,0,0
IE119760_0441.jpg,1,1,0,0,0,0
IE119763_0006.jpg,1,1,0,0,0,0
IE118584_0185.jpg,1,1,0,0,0,0
IE118614_0021.jpg,1,1,0,0,0,0
IE118616_0001.jpg,1,1,0,0,0,0
IE119778_0014.jpg,1,1,0,0,0,0
IE118626_0019.jpg,1,1,0,0,0,0
IE119784_0007.jpg,1,1,0,0,0,0
IE34841655_0016.jpg,1,1,0,0,0,0
IE118731_0026.jpg,1,1,0,0,0,0
IE120312_0314.jpg,1,1,0,0,0,0
IE120318_0012.jpg,1,1,0,0,0,0
IE118878_0141.jpg,1,1,0,0,0,0
IE118904_0000.jpg,1,1,0,0,0,0
IE118902_0006.jpg,1,1,0,0,0,0
IE118914_0001.jpg,1,1,0,0,0,0
IE118917_0005.jpg,1,1,0,0,0,0
IE118923_0005.jpg,1,1,0,0,0,0
IE118929_0007.jpg,1,1,0,0,0,0
IE118956_0009.jpg,1,1,0,0,0,0
IE118965_0010.jpg,1,1,0,0,0,0
IE120321_0042.jpg,1,1,0,0,0,0
IE67982224_0004.jpg,1,1,0,0,0,0
IE30564399_0095.jpg,1,1,0,0,0,0
IE118977_0005.jpg,1,1,0,0,0,0
IE119010_0004.jpg,1,1,0,0,0,0
IE119013_0013.jpg,1,1,0,0,0,0
IE119016_0001.jpg,1,1,0,0,0,0
IE119018_0033.jpg,1,1,0,0,0,0
IE119022_0043.jpg,1,1,0,0,0,0
IE119028_0004.jpg,1,1,0,0,0,0
IE119031_0014.jpg,1,1,0,0,0,0
IE119034_0004.jpg,1,1,0,0,0,0
IE119043_0011.jpg,1,1,0,0,0,0
IE119052_0002.jpg,1,1,0,0,0,0
IE119078_0001.jpg,1,1,0,0,0,0
IE37235178_0008.jpg,1,1,0,0,0,0
IE68641562_0138.jpg,1,1,0,0,0,0
IE37235440_0010.jpg,1,1,0,0,0,0
IE37284089_0054.jpg,1,1,0,0,0,0
IE119085_0022.jpg,1,1,0,0,0,0
IE119172_0000.jpg,1,1,0,0,0,0
IE119217_0000.jpg,1,1,0,0,0,0
IE119226_0011.jpg,1,1,0,0,0,0
IE119227_0136.jpg,1,1,0,0,0,0
IE119235_0018.jpg,1,1,0,0,0,0
IE119241_0009.jpg,1,1,0,0,0,0
IE119242_0012.jpg,1,1,0,0,0,0
IE119247_0008.jpg,1,1,0,0,0,0
IE119256_0010.jpg,1,1,0,0,0,0
IE119259_0014.jpg,1,1,0,0,0,0
IE119268_0048.jpg,1,1,0,0,0,0
IE119274_0003.jpg,1,1,0,0,0,0
IE119283_0011.jpg,1,1,0,0,0,0
IE119286_0016.jpg,1,1,0,0,0,0
IE119289_0000.jpg,1,1,0,0,0,0
IE119298_0004.jpg,1,1,0,0,0,0
IE119299_0209.jpg,1,1,0,0,0,0
IE119307_0179.jpg,1,1,0,0,0,0
IE119313_0281.jpg,1,1,0,0,0,0
IE119322_0203.jpg,1,1,0,0,0,0
IE119324_0054.jpg,1,1,0,0,0,0
IE119330_0057.jpg,1,1,0,0,0,0
IE119334_0062.jpg,1,1,0,0,0,0
IE36050215_0060.jpg,1,1,0,0,0,0
IE35509152_0013.jpg,1,1,0,0,0,0
IE36200293_0010.jpg,1,1,0,0,0,0
IE47473937_0011.jpg,1,1,0,0,0,0
IE50023434_0013.jpg,1,1,0,0,0,0
IE36299284_0000.jpg,1,1,0,0,0,0
IE8592201_0001.jpg,1,1,0,0,0,0
IE33369746_0002.jpg,1,1,0,0,0,0
IE8590981_0000.jpg,1,1,0,0,0,0
IE8591041_0000.jpg,1,1,0,0,0,0
IE8593436_0000.jpg,1,1,0,0,0,0
IE62196533_0163.jpg,1,1,0,0,0,0
IE8749135_0003.jpg,1,1,0,0,0,0
IE55192140_0049.jpg,1,1,0,0,0,0
IE64356565_0027.jpg,1,1,0,0,0,0
IE104986149_0005.jpg,1,1,0,0,0,0
IE103059420_0067.jpg,1,1,0,0,0,0
IE105116156_0007.jpg,1,1,0,0,0,0
IE105116274_0015.jpg,1,1,0,0,0,0
IE103104397_0049.jpg,1,1,0,0,0,0
IE105163812_0086.jpg,1,1,0,0,0,0
IE105166381_0030.jpg,1,1,0,0,0,0
IE103105478_0040.jpg,1,1,0,0,0,0
IE103971233_0023.jpg,1,1,0,0,0,0
IE103592836_0115.jpg,1,1,0,0,0,0
IE103811173_0041.jpg,1,1,0,0,0,0
IE86364732_0015.jpg,1,1,0,0,0,0
IE82048453_0005.jpg,1,1,0,0,0,0
IE87021826_0022.jpg,1,1,0,0,0,0
IE87885510_0055.jpg,1,1,0,0,0,0
IE85825400_0029.jpg,1,1,0,0,0,0
IE85825524_0021.jpg,1,1,0,0,0,0
IE83769996_0019.jpg,1,1,0,0,0,0
IE86416836_0024.jpg,1,1,0,0,0,0
IE88105064_0003.jpg,1,1,0,0,0,0
IE81077445_0020.jpg,1,1,0,0,0,0
IE2427318_0053.jpg,1,1,0,0,0,0
IE89253652_0004.jpg,1,1,0,0,0,0
IE88052216_0125.jpg,1,1,0,0,0,0
IE88058284_0217.jpg,1,1,0,0,0,0
IE89956280_0026.jpg,1,1,0,0,0,0
IE89478089_0172.jpg,1,1,0,0,0,0
IE88089324_0001.jpg,1,1,0,0,0,0
IE88090171_0023.jpg,1,1,0,0,0,0
IE89323713_0195.jpg,1,1,0,0,0,0
IE88096188_0003.jpg,1,1,0,0,0,0
IE86307476_0037.jpg,1,1,0,0,0,0
IE89513577_0612.jpg,1,1,0,0,0,0
IE89586715_0050.jpg,1,1,0,0,0,0
IE91086253_0068.jpg,1,1,0,0,0,0
IE94169771_0002.jpg,1,1,0,0,0,0
IE94405378_0033.jpg,1,1,0,0,0,0
IE94029280_0005.jpg,1,1,0,0,0,0
IE94421051_0366.jpg,1,1,0,0,0,0
IE93955106_0040.jpg,1,1,0,0,0,0
IE86978593_0000.jpg,1,1,0,0,0,0
IE86988808_0026.jpg,1,1,0,0,0,0
IE86990556_0016.jpg,1,1,0,0,0,0
IE94293952_0012.jpg,1,1,0,0,0,0
IE93484976_0019.jpg,1,1,0,0,0,0
IE91346518_0007.jpg,1,1,0,0,0,0
IE107391389_0012.jpg,1,1,0,0,0,0
IE95713161_0120.jpg,1,1,0,0,0,0
IE87687243_0051.jpg,1,1,0,0,0,0
IE94221451_0032.jpg,1,1,0,0,0,0
IE90986841_0016.jpg,1,1,0,0,0,0
IE95728700_0162.jpg,1,1,0,0,0,0
IE94807006_0125.jpg,1,1,0,0,0,0
IE95410661_0248.jpg,1,1,0,0,0,0
IE95424988_0005.jpg,1,1,0,0,0,0
IE96273073_0007.jpg,1,1,0,0,0,0
IE95431231_0045.jpg,1,1,0,0,0,0
IE99742668_0001.jpg,1,1,0,0,0,0
IE91018273_0128.jpg,1,1,0,0,0,0
IE97534413_0024.jpg,1,1,0,0,0,0
IE96849280_0008.jpg,1,1,0,0,0,0
IE93558726_0197.jpg,1,1,0,0,0,0
IE99242088_0090.jpg,1,1,0,0,0,0
IE99262052_0281.jpg,1,1,0,0,0,0
IE99558679_0041.jpg,1,1,0,0,0,0
IE99692445_0076.jpg,1,1,0,0,0,0
IE10523907_0026.jpg,1,1,0,0,0,0
IE14493543_0097.jpg,1,1,0,0,0,0
IE12857543_0102.jpg,1,1,0,0,0,0
IE10527547_0015.jpg,1,1,0,0,0,0
IE10528900_0035.jpg,1,1,0,0,0,0
IE14493967_0221.jpg,1,1,0,0,0,0
IE10529610_0147.jpg,1,1,0,0,0,0
IE10533310_0041.jpg,1,1,0,0,0,0
IE10535171_0059.jpg,1,1,0,0,0,0
IE10536080_0142.jpg,1,1,0,0,0,0
IE10536709_0093.jpg,1,1,0,0,0,0
IE10538237_0022.jpg,1,1,0,0,0,0
IE10538494_0011.jpg,1,1,0,0,0,0
IE12871359_0003.jpg,1,1,0,0,0,0
IE10538722_0078.jpg,1,1,0,0,0,0
IE12871538_0010.jpg,1,1,0,0,0,0
IE12871548_0014.jpg,1,1,0,0,0,0
IE10542885_0078.jpg,1,1,0,0,0,0
IE12952100_0291.jpg,1,1,0,0,0,0
IE10549193_0446.jpg,1,1,0,0,0,0
IE10583853_0060.jpg,1,1,0,0,0,0
IE10586697_0007.jpg,1,1,0,0,0,0
IE10590755_0076.jpg,1,1,0,0,0,0
IE10591289_0050.jpg,1,1,0,0,0,0
IE10603115_0060.jpg,1,1,0,0,0,0
IE10603586_0005.jpg,1,1,0,0,0,0
IE10604780_0049.jpg,1,1,0,0,0,0
IE14513629_0132.jpg,1,1,0,0,0,0
IE14515838_0056.jpg,1,1,0,0,0,0
IE10626587_0181.jpg,1,1,0,0,0,0
IE10641158_0019.jpg,1,1,0,0,0,0
IE10641200_0015.jpg,1,1,0,0,0,0
IE10645703_0042.jpg,1,1,0,0,0,0
IE14540253_0037.jpg,1,1,0,0,0,0
IE22158680_0302.jpg,1,1,0,0,0,0
IE10650629_0600.jpg,1,1,0,0,0,0
IE13023897_0103.jpg,1,1,0,0,0,0
IE13024096_0002.jpg,1,1,0,0,0,0
IE10675854_0030.jpg,1,1,0,0,0,0
IE10678000_0034.jpg,1,1,0,0,0,0
IE14743613_0028.jpg,1,1,0,0,0,0
IE13026436_0086.jpg,1,1,0,0,0,0
IE10678246_0110.jpg,1,1,0,0,0,0
IE13027477_0011.jpg,1,1,0,0,0,0
IE10687414_0018.jpg,1,1,0,0,0,0
IE10690120_0024.jpg,1,1,0,0,0,0
IE10694367_0030.jpg,1,1,0,0,0,0
IE13126935_0089.jpg,1,1,0,0,0,0
IE13127849_0098.jpg,1,1,0,0,0,0
IE10695852_0117.jpg,1,1,0,0,0,0
IE13127943_0141.jpg,1,1,0,0,0,0
IE10697241_0114.jpg,1,1,0,0,0,0
IE10699965_0137.jpg,1,1,0,0,0,0
IE10701067_0035.jpg,1,1,0,0,0,0
IE13133610_0069.jpg,1,1,0,0,0,0
IE10703669_0145.jpg,1,1,0,0,0,0
IE10709116_0000.jpg,1,1,0,0,0,0
IE20731632_0085.jpg,1,1,0,0,0,0
IE10711357_0043.jpg,1,1,0,0,0,0
IE10719860_0060.jpg,1,1,0,0,0,0
IE10726686_0033.jpg,1,1,0,0,0,0
IE10736423_0024.jpg,1,1,0,0,0,0
IE10741298_0007.jpg,1,1,0,0,0,0
IE20749517_0017.jpg,1,1,0,0,0,0
IE10745428_0057.jpg,1,1,0,0,0,0
IE10749741_0034.jpg,1,1,0,0,0,0
IE10750724_0015.jpg,1,1,0,0,0,0
IE10751908_0192.jpg,1,1,0,0,0,0
IE10758546_0002.jpg,1,1,0,0,0,0
IE10789367_0060.jpg,1,1,0,0,0,0
IE10799321_0033.jpg,1,1,0,0,0,0
IE10853992_0037.jpg,1,1,0,0,0,0
IE10860127_0000.jpg,1,1,0,0,0,0
IE10862733_0060.jpg,1,1,0,0,0,0
IE10864194_0005.jpg,1,1,0,0,0,0
IE13195567_0062.jpg,1,1,0,0,0,0
IE22304140_0094.jpg,1,1,0,0,0,0
IE13198749_0135.jpg,1,1,0,0,0,0
IE13198769_0031.jpg,1,1,0,0,0,0
IE10868504_0012.jpg,1,1,0,0,0,0
IE14823924_0063.jpg,1,1,0,0,0,0
IE13201347_0180.jpg,1,1,0,0,0,0
IE12191689_0439.jpg,1,1,0,0,0,0
IE13298830_0003.jpg,1,1,0,0,0,0
IE20779880_0001.jpg,1,1,0,0,0,0
IE20784632_0038.jpg,1,1,0,0,0,0
IE13307089_0123.jpg,1,1,0,0,0,0
IE13308338_0167.jpg,1,1,0,0,0,0
IE13341871_0040.jpg,1,1,0,0,0,0
IE13347829_0043.jpg,1,1,0,0,0,0
IE12246731_0077.jpg,1,1,0,0,0,0
IE14829617_0334.jpg,1,1,0,0,0,0
IE12262028_0185.jpg,1,1,0,0,0,0
IE12267414_0004.jpg,1,1,0,0,0,0
IE14852989_0129.jpg,1,1,0,0,0,0
IE12277493_0158.jpg,1,1,0,0,0,0
IE13373515_0008.jpg,1,1,0,0,0,0
IE12356890_0022.jpg,1,1,0,0,0,0
IE12357081_0011.jpg,1,1,0,0,0,0
IE13387060_0315.jpg,1,1,0,0,0,0
IE12363680_0167.jpg,1,1,0,0,0,0
IE13387194_0140.jpg,1,1,0,0,0,0
IE13393854_0255.jpg,1,1,0,0,0,0
IE13433955_0159.jpg,1,1,0,0,0,0
IE13433979_0034.jpg,1,1,0,0,0,0
IE13454962_0180.jpg,1,1,0,0,0,0
IE13455133_0054.jpg,1,1,0,0,0,0
IE15431224_0131.jpg,1,1,0,0,0,0
IE12723100_0010.jpg,1,1,0,0,0,0
IE12731047_0011.jpg,1,1,0,0,0,0
IE12762164_0111.jpg,1,1,0,0,0,0
IE13566772_0047.jpg,1,1,0,0,0,0
IE21024098_0014.jpg,1,1,0,0,0,0
IE15724541_0026.jpg,1,1,0,0,0,0
IE22577276_0031.jpg,1,1,0,0,0,0
IE13572455_0048.jpg,1,1,0,0,0,0
IE13584413_0089.jpg,1,1,0,0,0,0
IE13588261_0122.jpg,1,1,0,0,0,0
IE13737813_0003.jpg,1,1,0,0,0,0
IE13737899_0034.jpg,1,1,0,0,0,0
IE12817021_0046.jpg,1,1,0,0,0,0
IE13806587_0222.jpg,1,1,0,0,0,0
IE12856284_0007.jpg,1,1,0,0,0,0
IE13813099_0172.jpg,1,1,0,0,0,0
IE15787655_0062.jpg,1,1,0,0,0,0
IE13818112_0108.jpg,1,1,0,0,0,0
IE13820278_0050.jpg,1,1,0,0,0,0
IE13827084_0024.jpg,1,1,0,0,0,0
IE13827622_0010.jpg,1,1,0,0,0,0
IE13828247_0028.jpg,1,1,0,0,0,0
IE13830146_0005.jpg,1,1,0,0,0,0
IE13832386_0001.jpg,1,1,0,0,0,0
IE13852977_0011.jpg,1,1,0,0,0,0
IE13866446_0015.jpg,1,1,0,0,0,0
IE13879592_0041.jpg,1,1,0,0,0,0
IE13930549_0405.jpg,1,1,0,0,0,0
IE13991908_0409.jpg,1,1,0,0,0,0
IE14057443_0027.jpg,1,1,0,0,0,0
IE14077317_0037.jpg,1,1,0,0,0,0
IE14113857_0103.jpg,1,1,0,0,0,0
IE14190637_0071.jpg,1,1,0,0,0,0
IE14231275_0052.jpg,1,1,0,0,0,0
IE14231924_0028.jpg,1,1,0,0,0,0
IE14243487_0193.jpg,1,1,0,0,0,0
IE15852185_0117.jpg,1,1,0,0,0,0
IE15856046_0014.jpg,1,1,0,0,0,0
IE14279023_0257.jpg,1,1,0,0,0,0
IE14294116_0013.jpg,1,1,0,0,0,0
IE14294127_0010.jpg,1,1,0,0,0,0
IE14301107_0030.jpg,1,1,0,0,0,0
IE14314782_0040.jpg,1,1,0,0,0,0
IE14317396_0057.jpg,1,1,0,0,0,0
IE15870852_0055.jpg,1,1,0,0,0,0
IE14346363_0483.jpg,1,1,0,0,0,0
IE14438679_0578.jpg,1,1,0,0,0,0
IE14438959_0004.jpg,1,1,0,0,0,0
IE14452898_0118.jpg,1,1,0,0,0,0
IE16004265_0036.jpg,1,1,0,0,0,0
IE20409629_0014.jpg,1,1,0,0,0,0
IE21956249_0000.jpg,1,1,0,0,0,0
IE16009146_0184.jpg,1,1,0,0,0,0
IE16034647_0028.jpg,1,1,0,0,0,0
IE16043760_0268.jpg,1,1,0,0,0,0
IE16052516_0131.jpg,1,1,0,0,0,0
IE16065602_0063.jpg,1,1,0,0,0,0
IE16134595_0011.jpg,1,1,0,0,0,0
IE16332901_0005.jpg,1,1,0,0,0,0
IE16402235_0010.jpg,1,1,0,0,0,0
IE16570969_0017.jpg,1,1,0,0,0,0
IE119789_0065.jpg,2,0,1,1,0,0
IE119799_0112.jpg,2,0,1,1,0,0
IE119817_0011.jpg,2,0,1,1,0,0
IE119850_0034.jpg,2,0,1,1,0,0
IE36614605_0154.jpg,2,0,1,1,0,0
IE119373_0002.jpg,2,0,1,1,0,0
IE120117_0164.jpg,2,0,1,1,0,0
IE120138_0204.jpg,2,0,1,1,0,0
IE36615022_0211.jpg,2,0,1,1,0,0
IE36618768_0053.jpg,2,0,1,1,0,0
IE35647155_0018.jpg,2,0,1,1,0,0
IE38808746_0025.jpg,2,0,1,1,0,0
IE29386984_0044.jpg,2,0,1,1,0,0
IE36624975_0060.jpg,2,0,1,1,0,0
IE120168_0442.jpg,2,0,1,1,0,0
IE119574_0090.jpg,2,0,1,1,0,0
IE120171_0269.jpg,2,0,1,1,0,0
IE120195_0002.jpg,2,0,1,1,0,0
IE120204_0049.jpg,2,0,1,1,0,0
IE34246611_0001.jpg,2,0,1,1,0,0
IE29826871_0273.jpg,2,0,1,1,0,0
IE29833160_0265.jpg,2,0,1,1,0,0
IE30156024_0120.jpg,2,0,1,1,0,0
IE120267_0035.jpg,2,0,1,1,0,0
IE120270_0018.jpg,2,0,1,1,0,0
IE119721_0071.jpg,2,0,1,1,0,0
IE35776395_0014.jpg,2,0,1,1,0,0
IE35776699_0033.jpg,2,0,1,1,0,0
IE120273_0315.jpg,2,0,1,1,0,0
IE34730299_0088.jpg,2,0,1,1,0,0
IE34730897_0017.jpg,2,0,1,1,0,0
IE30165896_0394.jpg,2,0,1,1,0,0
IE34743930_0042.jpg,2,0,1,1,0,0
IE119754_0007.jpg,2,0,1,1,0,0
IE30305520_0003.jpg,2,0,1,1,0,0
IE120306_0047.jpg,2,0,1,1,0,0
IE119766_0018.jpg,2,0,1,1,0,0
IE120309_0011.jpg,2,0,1,1,0,0
IE36747004_0163.jpg,2,0,1,1,0,0
IE118623_0000.jpg,2,0,1,1,0,0
IE120315_0010.jpg,2,0,1,1,0,0
IE118818_0043.jpg,2,0,1,1,0,0
IE34842584_0046.jpg,2,0,1,1,0,0
IE120336_0014.jpg,2,0,1,1,0,0
IE36754689_0301.jpg,2,0,1,1,0,0
IE34889713_0346.jpg,2,0,1,1,0,0
IE120342_0290.jpg,2,0,1,1,0,0
IE120354_0005.jpg,2,0,1,1,0,0
IE30614558_0016.jpg,2,0,1,1,0,0
IE118974_0804.jpg,2,0,1,1,0,0
IE30858841_0017.jpg,2,0,1,1,0,0
IE35880572_0428.jpg,2,0,1,1,0,0
IE37056778_0113.jpg,2,0,1,1,0,0
IE35933969_0102.jpg,2,0,1,1,0,0
IE119082_0744.jpg,2,0,1,1,0,0
IE119277_0004.jpg,2,0,1,1,0,0
IE35480333_0036.jpg,2,0,1,1,0,0
IE35484846_0091.jpg,2,0,1,1,0,0
IE37444422_0017.jpg,2,0,1,1,0,0
IE36096455_0071.jpg,2,0,1,1,0,0
IE35538852_0020.jpg,2,0,1,1,0,0
IE37504774_0227.jpg,2,0,1,1,0,0
IE37528161_0000.jpg,2,0,1,1,0,0
IE37531163_0206.jpg,2,0,1,1,0,0
IE37623397_0021.jpg,2,0,1,1,0,0
IE36206987_0781.jpg,2,0,1,1,0,0
IE36252932_0039.jpg,2,0,1,1,0,0
IE37628855_0083.jpg,2,0,1,1,0,0
IE36253994_0000.jpg,2,0,1,1,0,0
IE37791772_0041.jpg,2,0,1,1,0,0
IE36296452_0033.jpg,2,0,1,1,0,0
IE36297295_0020.jpg,2,0,1,1,0,0
IE36300094_0217.jpg,2,0,1,1,0,0
IE36301093_0196.jpg,2,0,1,1,0,0
IE38077710_0049.jpg,2,0,1,1,0,0
IE8592988_0000.jpg,2,0,1,1,0,0
IE8590626_0000.jpg,2,0,1,1,0,0
IE105143710_0124.jpg,2,0,1,1,0,0
IE105171992_0070.jpg,2,0,1,1,0,0
IE104889371_0229.jpg,2,0,1,1,0,0
IE104901096_0225.jpg,2,0,1,1,0,0
IE104924441_0183.jpg,2,0,1,1,0,0
IE104955340_0082.jpg,2,0,1,1,0,0
IE104971326_0051.jpg,2,0,1,1,0,0
IE84004715_0146.jpg,2,0,1,1,0,0
IE82818140_0213.jpg,2,0,1,1,0,0
IE84201105_0214.jpg,2,0,1,1,0,0
IE84011539_0035.jpg,2,0,1,1,0,0
IE84201835_0042.jpg,2,0,1,1,0,0
IE82832273_0107.jpg,2,0,1,1,0,0
IE82835494_0183.jpg,2,0,1,1,0,0
IE82976347_0353.jpg,2,0,1,1,0,0
IE82977416_0069.jpg,2,0,1,1,0,0
IE82981515_0041.jpg,2,0,1,1,0,0
IE84805690_0203.jpg,2,0,1,1,0,0
IE84807242_0119.jpg,2,0,1,1,0,0
IE84807654_0089.jpg,2,0,1,1,0,0
IE84808012_0045.jpg,2,0,1,1,0,0
IE84808358_0276.jpg,2,0,1,1,0,0
IE84168047_0133.jpg,2,0,1,1,0,0
IE84169472_0105.jpg,2,0,1,1,0,0
IE84822024_0031.jpg,2,0,1,1,0,0
IE84823212_0098.jpg,2,0,1,1,0,0
IE84833224_0029.jpg,2,0,1,1,0,0
IE87060109_0205.jpg,2,0,1,1,0,0
IE85951372_0123.jpg,2,0,1,1,0,0
IE87063588_0014.jpg,2,0,1,1,0,0
IE87067568_0041.jpg,2,0,1,1,0,0
IE87068666_0031.jpg,2,0,1,1,0,0
IE85965366_0119.jpg,2,0,1,1,0,0
IE85971900_0259.jpg,2,0,1,1,0,0
IE88648914_0101.jpg,2,0,1,1,0,0
IE88649157_0052.jpg,2,0,1,1,0,0
IE85978410_0053.jpg,2,0,1,1,0,0
IE88654009_0131.jpg,2,0,1,1,0,0
IE88425141_0092.jpg,2,0,1,1,0,0
IE88655947_0150.jpg,2,0,1,1,0,0
IE88429417_0024.jpg,2,0,1,1,0,0
IE88430456_0051.jpg,2,0,1,1,0,0
IE85980122_0073.jpg,2,0,1,1,0,0
IE82706454_0116.jpg,2,0,1,1,0,0
IE88567935_0128.jpg,2,0,1,1,0,0
IE90293627_0074.jpg,2,0,1,1,0,0
IE85996512_0006.jpg,2,0,1,1,0,0
IE85996834_0177.jpg,2,0,1,1,0,0
IE82718464_0003.jpg,2,0,1,1,0,0
IE90327051_0138.jpg,2,0,1,1,0,0
IE89310961_0134.jpg,2,0,1,1,0,0
IE112845966_0078.jpg,2,0,1,1,0,0
IE89325227_0171.jpg,2,0,1,1,0,0
IE88622986_0206.jpg,2,0,1,1,0,0
IE113058613_0411.jpg,2,0,1,1,0,0
IE88623953_0289.jpg,2,0,1,1,0,0
IE88625423_0168.jpg,2,0,1,1,0,0
IE88629249_0174.jpg,2,0,1,1,0,0
IE88633816_0158.jpg,2,0,1,1,0,0
IE89336235_0055.jpg,2,0,1,1,0,0
IE89194276_0096.jpg,2,0,1,1,0,0
IE88643927_0085.jpg,2,0,1,1,0,0
IE88647358_0134.jpg,2,0,1,1,0,0
IE92041394_0119.jpg,2,0,1,1,0,0
IE91642107_0070.jpg,2,0,1,1,0,0
IE91642656_0019.jpg,2,0,1,1,0,0
IE91646560_0154.jpg,2,0,1,1,0,0
IE91924779_0073.jpg,2,0,1,1,0,0
IE92297363_0008.jpg,2,0,1,1,0,0
IE91927751_0509.jpg,2,0,1,1,0,0
IE92322713_0018.jpg,2,0,1,1,0,0
IE91942466_0046.jpg,2,0,1,1,0,0
IE91728577_0068.jpg,2,0,1,1,0,0
IE91730033_0070.jpg,2,0,1,1,0,0
IE91557188_0013.jpg,2,0,1,1,0,0
IE91561159_0002.jpg,2,0,1,1,0,0
IE91734857_0031.jpg,2,0,1,1,0,0
IE91735477_0180.jpg,2,0,1,1,0,0
IE91749577_0018.jpg,2,0,1,1,0,0
IE91572216_0113.jpg,2,0,1,1,0,0
IE92063517_0024.jpg,2,0,1,1,0,0
IE91948218_0055.jpg,2,0,1,1,0,0
IE94304360_0020.jpg,2,0,1,1,0,0
IE93906345_0144.jpg,2,0,1,1,0,0
IE93910771_0010.jpg,2,0,1,1,0,0
IE92085899_0085.jpg,2,0,1,1,0,0
IE94017888_0021.jpg,2,0,1,1,0,0
IE92085973_0159.jpg,2,0,1,1,0,0
IE94041231_0103.jpg,2,0,1,1,0,0
IE108331957_0150.jpg,2,0,1,1,0,0
IE94312649_0109.jpg,2,0,1,1,0,0
IE94278357_0006.jpg,2,0,1,1,0,0
IE94313338_0037.jpg,2,0,1,1,0,0
IE94434524_0000.jpg,2,0,1,1,0,0
IE95539411_0006.jpg,2,0,1,1,0,0
IE95539587_0023.jpg,2,0,1,1,0,0
IE94883214_0002.jpg,2,0,1,1,0,0
IE95542122_0004.jpg,2,0,1,1,0,0
IE94316399_0175.jpg,2,0,1,1,0,0
IE94446150_0156.jpg,2,0,1,1,0,0
IE94893912_0036.jpg,2,0,1,1,0,0
IE108383991_0253.jpg,2,0,1,1,0,0
IE94896246_0062.jpg,2,0,1,1,0,0
IE94896660_0268.jpg,2,0,1,1,0,0
IE93348545_0019.jpg,2,0,1,1,0,0
IE94896909_0015.jpg,2,0,1,1,0,0
IE94897611_0404.jpg,2,0,1,1,0,0
IE95460136_0028.jpg,2,0,1,1,0,0
IE94898834_0190.jpg,2,0,1,1,0,0
IE95461694_0021.jpg,2,0,1,1,0,0
IE95463200_0029.jpg,2,0,1,1,0,0
IE93352152_0045.jpg,2,0,1,1,0,0
IE94898877_0240.jpg,2,0,1,1,0,0
IE108387887_0225.jpg,2,0,1,1,0,0
IE94899478_0435.jpg,2,0,1,1,0,0
IE108392324_0378.jpg,2,0,1,1,0,0
IE95472707_0044.jpg,2,0,1,1,0,0
IE95475863_0210.jpg,2,0,1,1,0,0
IE94481081_0203.jpg,2,0,1,1,0,0
IE93047002_0008.jpg,2,0,1,1,0,0
IE108393534_0141.jpg,2,0,1,1,0,0
IE93356973_0094.jpg,2,0,1,1,0,0
IE108399789_0030.jpg,2,0,1,1,0,0
IE93362622_0118.jpg,2,0,1,1,0,0
IE93057785_0111.jpg,2,0,1,1,0,0
IE96163170_0012.jpg,2,0,1,1,0,0
IE93369404_0020.jpg,2,0,1,1,0,0
IE96174291_0169.jpg,2,0,1,1,0,0
IE96174361_0086.jpg,2,0,1,1,0,0
IE96177720_0038.jpg,2,0,1,1,0,0
IE96204437_0006.jpg,2,0,1,1,0,0
IE96204879_0023.jpg,2,0,1,1,0,0
IE108409445_0221.jpg,2,0,1,1,0,0
IE93385915_0218.jpg,2,0,1,1,0,0
IE94686798_0007.jpg,2,0,1,1,0,0
IE108413360_0250.jpg,2,0,1,1,0,0
IE93074565_0327.jpg,2,0,1,1,0,0
IE93077297_0069.jpg,2,0,1,1,0,0
IE108413926_0425.jpg,2,0,1,1,0,0
IE95536558_0140.jpg,2,0,1,1,0,0
IE93083110_0084.jpg,2,0,1,1,0,0
IE93086077_0204.jpg,2,0,1,1,0,0
IE92025029_0070.jpg,2,0,1,1,0,0
IE97790787_0036.jpg,2,0,1,1,0,0
IE92035576_0163.jpg,2,0,1,1,0,0
IE92035932_0087.jpg,2,0,1,1,0,0
IE93223689_0415.jpg,2,0,1,1,0,0
IE92598725_0076.jpg,2,0,1,1,0,0
IE92599421_0148.jpg,2,0,1,1,0,0
IE92600347_0083.jpg,2,0,1,1,0,0
IE94121480_0198.jpg,2,0,1,1,0,0
IE94122162_0160.jpg,2,0,1,1,0,0
IE92484297_0199.jpg,2,0,1,1,0,0
IE92152599_0226.jpg,2,0,1,1,0,0
IE92605681_0081.jpg,2,0,1,1,0,0
IE93270319_0006.jpg,2,0,1,1,0,0
IE92154607_0312.jpg,2,0,1,1,0,0
IE93270480_0104.jpg,2,0,1,1,0,0
IE93270502_0092.jpg,2,0,1,1,0,0
IE92161329_0274.jpg,2,0,1,1,0,0
IE92162582_0554.jpg,2,0,1,1,0,0
IE92163196_0363.jpg,2,0,1,1,0,0
IE92172179_0716.jpg,2,0,1,1,0,0
IE92194433_0121.jpg,2,0,1,1,0,0
IE92198657_0135.jpg,2,0,1,1,0,0
IE12856293_0018.jpg,2,0,1,1,0,0
IE22041435_0015.jpg,2,0,1,1,0,0
IE12870434_0002.jpg,2,0,1,1,0,0
IE14504426_0025.jpg,2,0,1,1,0,0
IE14510311_0115.jpg,2,0,1,1,0,0
IE14520395_0019.jpg,2,0,1,1,0,0
IE10627293_0272.jpg,2,0,1,1,0,0
IE14532079_0050.jpg,2,0,1,1,0,0
IE12977327_0019.jpg,2,0,1,1,0,0
IE12983150_0295.jpg,2,0,1,1,0,0
IE14710720_0109.jpg,2,0,1,1,0,0
IE13026193_0074.jpg,2,0,1,1,0,0
IE13132043_0103.jpg,2,0,1,1,0,0
IE13133966_0121.jpg,2,0,1,1,0,0
IE13186912_0053.jpg,2,0,1,1,0,0
IE10753244_0040.jpg,2,0,1,1,0,0
IE13190151_0124.jpg,2,0,1,1,0,0
IE13200349_0170.jpg,2,0,1,1,0,0
IE13203532_0174.jpg,2,0,1,1,0,0
IE12202628_0160.jpg,2,0,1,1,0,0
IE13299047_0129.jpg,2,0,1,1,0,0
IE12214192_0129.jpg,2,0,1,1,0,0
IE12218256_0013.jpg,2,0,1,1,0,0
IE13302267_0006.jpg,2,0,1,1,0,0
IE13349014_0194.jpg,2,0,1,1,0,0
IE14836658_0016.jpg,2,0,1,1,0,0
IE13351139_0090.jpg,2,0,1,1,0,0
IE19210115_0191.jpg,2,0,1,1,0,0
IE13372275_0480.jpg,2,0,1,1,0,0
IE12313858_0191.jpg,2,0,1,1,0,0
IE12322129_0190.jpg,2,0,1,1,0,0
IE12356965_0064.jpg,2,0,1,1,0,0
IE14853613_0568.jpg,2,0,1,1,0,0
IE12370317_0380.jpg,2,0,1,1,0,0
IE19223006_0201.jpg,2,0,1,1,0,0
IE12383348_0050.jpg,2,0,1,1,0,0
IE12387205_0163.jpg,2,0,1,1,0,0
IE12397396_0283.jpg,2,0,1,1,0,0
IE13541053_0076.jpg,2,0,1,1,0,0
IE13565397_0244.jpg,2,0,1,1,0,0
IE12739742_0141.jpg,2,0,1,1,0,0
IE13566146_0269.jpg,2,0,1,1,0,0
IE12775262_0062.jpg,2,0,1,1,0,0
IE13567142_0130.jpg,2,0,1,1,0,0
IE19534100_0354.jpg,2,0,1,1,0,0
IE12805153_0209.jpg,2,0,1,1,0,0
IE14096373_0183.jpg,2,0,1,1,0,0
IE15930679_0032.jpg,2,0,1,1,0,0
IE20246785_0183.jpg,2,0,1,1,0,0
IE14469372_0264.jpg,2,0,1,1,0,0
IE16218261_0015.jpg,2,0,1,1,0,0
IE16264331_0044.jpg,2,0,1,1,0,0
IE16303745_0374.jpg,2,0,1,1,0,0
IE16372015_0149.jpg,2,0,1,1,0,0
IE16758091_0113.jpg,2,0,1,1,0,0
IE17051387_0066.jpg,2,0,1,1,0,0
IE17116488_0007.jpg,2,0,1,1,0,0
IE17126990_0045.jpg,2,0,1,1,0,0
IE48466283_0030.jpg,3,1,1,0,1,1
IE35544745_0080.jpg,3,1,1,0,1,1
IE48470610_0107.jpg,3,1,1,0,1,1
IE119913_0017.jpg,3,1,1,0,1,1
IE120093_0038.jpg,3,1,1,0,1,1
IE38316461_0113.jpg,3,1,1,0,1,1
IE119403_0003.jpg,3,1,1,0,1,1
IE57495955_0015.jpg,3,1,1,0,1,1
IE119457_0010.jpg,3,1,1,0,1,1
IE29373816_0209.jpg,3,1,1,0,1,1
IE120165_0657.jpg,3,1,1,0,1,1
IE119550_0018.jpg,3,1,1,0,1,1
IE29395106_0445.jpg,3,1,1,0,1,1
IE119619_0057.jpg,3,1,1,0,1,1
IE36628376_0245.jpg,3,1,1,0,1,1
IE35706008_0003.jpg,3,1,1,0,1,1
IE120216_0279.jpg,3,1,1,0,1,1
IE119667_0019.jpg,3,1,1,0,1,1
IE35721474_0030.jpg,3,1,1,0,1,1
IE36651433_0360.jpg,3,1,1,0,1,1
IE42041947_0078.jpg,3,1,1,0,1,1
IE36651525_0391.jpg,3,1,1,0,1,1
IE120240_0342.jpg,3,1,1,0,1,1
IE36697264_0159.jpg,3,1,1,0,1,1
IE36705655_0049.jpg,3,1,1,0,1,1
IE119730_0269.jpg,3,1,1,0,1,1
IE35817888_0192.jpg,3,1,1,0,1,1
IE34745718_0081.jpg,3,1,1,0,1,1
IE35820837_0145.jpg,3,1,1,0,1,1
IE119748_0151.jpg,3,1,1,0,1,1
IE118608_0008.jpg,3,1,1,0,1,1
IE119772_0149.jpg,3,1,1,0,1,1
IE118722_0090.jpg,3,1,1,0,1,1
IE120327_0002.jpg,3,1,1,0,1,1
IE35832976_0044.jpg,3,1,1,0,1,1
IE35877048_0053.jpg,3,1,1,0,1,1
IE30700205_0160.jpg,3,1,1,0,1,1
IE35878263_0116.jpg,3,1,1,0,1,1
IE35004573_0029.jpg,3,1,1,0,1,1
IE30860922_0167.jpg,3,1,1,0,1,1
IE30900734_0002.jpg,3,1,1,0,1,1
IE119046_0202.jpg,3,1,1,0,1,1
IE35098852_0732.jpg,3,1,1,0,1,1
IE37242595_0122.jpg,3,1,1,0,1,1
IE119097_0000.jpg,3,1,1,0,1,1
IE32290247_0094.jpg,3,1,1,0,1,1
IE32290890_0115.jpg,3,1,1,0,1,1
IE35487030_0266.jpg,3,1,1,0,1,1
IE35516635_0050.jpg,3,1,1,0,1,1
IE35543251_0014.jpg,3,1,1,0,1,1
IE57461002_0024.jpg,3,1,1,0,1,1
IE48465700_0040.jpg,3,1,1,0,1,1
IE48466215_0030.jpg,3,1,1,0,1,1
IE8592201_0000.jpg,3,1,1,0,1,1
IE8595355_0000.jpg,3,1,1,0,1,1
IE104995565_0123.jpg,3,1,1,0,1,1
IE105002804_0146.jpg,3,1,1,0,1,1
IE105008699_0015.jpg,3,1,1,0,1,1
IE105018827_0205.jpg,3,1,1,0,1,1
IE105059064_0129.jpg,3,1,1,0,1,1
IE105177059_0081.jpg,3,1,1,0,1,1
IE105197105_0096.jpg,3,1,1,0,1,1
IE105210185_0452.jpg,3,1,1,0,1,1
IE104934208_0091.jpg,3,1,1,0,1,1
IE104938216_0385.jpg,3,1,1,0,1,1
IE107605702_0052.jpg,3,1,1,0,1,1
IE107606478_0016.jpg,3,1,1,0,1,1
IE87375583_0021.jpg,3,1,1,0,1,1
IE84248528_0008.jpg,3,1,1,0,1,1
IE84249504_0357.jpg,3,1,1,0,1,1
IE87557576_0104.jpg,3,1,1,0,1,1
IE87563228_0278.jpg,3,1,1,0,1,1
IE87800826_0047.jpg,3,1,1,0,1,1
IE87802116_0042.jpg,3,1,1,0,1,1
IE87804821_0125.jpg,3,1,1,0,1,1
IE84833828_0148.jpg,3,1,1,0,1,1
IE87932696_0017.jpg,3,1,1,0,1,1
IE87236331_0033.jpg,3,1,1,0,1,1
IE87955490_0072.jpg,3,1,1,0,1,1
IE87939205_0215.jpg,3,1,1,0,1,1
IE87943930_0026.jpg,3,1,1,0,1,1
IE87949448_0005.jpg,3,1,1,0,1,1
IE89420012_0268.jpg,3,1,1,0,1,1
IE88163212_0182.jpg,3,1,1,0,1,1
IE89427174_0296.jpg,3,1,1,0,1,1
IE88308139_0077.jpg,3,1,1,0,1,1
IE89432463_0594.jpg,3,1,1,0,1,1
IE89438877_0102.jpg,3,1,1,0,1,1
IE88569933_0154.jpg,3,1,1,0,1,1
IE89440449_0131.jpg,3,1,1,0,1,1
IE89443124_0243.jpg,3,1,1,0,1,1
IE88044137_0096.jpg,3,1,1,0,1,1
IE89443156_0152.jpg,3,1,1,0,1,1
IE88577000_0017.jpg,3,1,1,0,1,1
IE89914548_0252.jpg,3,1,1,0,1,1
IE87363330_0023.jpg,3,1,1,0,1,1
IE88052323_0290.jpg,3,1,1,0,1,1
IE89451887_0384.jpg,3,1,1,0,1,1
IE88057692_0148.jpg,3,1,1,0,1,1
IE88060904_0138.jpg,3,1,1,0,1,1
IE88062148_0146.jpg,3,1,1,0,1,1
IE89458343_0070.jpg,3,1,1,0,1,1
IE86451130_0007.jpg,3,1,1,0,1,1
IE90691530_0166.jpg,3,1,1,0,1,1
IE88592221_0169.jpg,3,1,1,0,1,1
IE89939427_0103.jpg,3,1,1,0,1,1
IE89465293_0516.jpg,3,1,1,0,1,1
IE86454002_0040.jpg,3,1,1,0,1,1
IE90828539_0067.jpg,3,1,1,0,1,1
IE89478143_0048.jpg,3,1,1,0,1,1
IE88093987_0032.jpg,3,1,1,0,1,1
IE89481244_0083.jpg,3,1,1,0,1,1
IE86466562_0061.jpg,3,1,1,0,1,1
IE88710623_0037.jpg,3,1,1,0,1,1
IE89336611_0077.jpg,3,1,1,0,1,1
IE89503803_0340.jpg,3,1,1,0,1,1
IE89505781_0035.jpg,3,1,1,0,1,1
IE88715682_0327.jpg,3,1,1,0,1,1
IE90000696_0027.jpg,3,1,1,0,1,1
IE89202477_0229.jpg,3,1,1,0,1,1
IE88719044_0145.jpg,3,1,1,0,1,1
IE90835164_0039.jpg,3,1,1,0,1,1
IE89527611_0305.jpg,3,1,1,0,1,1
IE90548800_0109.jpg,3,1,1,0,1,1
IE90457418_0183.jpg,3,1,1,0,1,1
IE90549305_0624.jpg,3,1,1,0,1,1
IE90930305_0369.jpg,3,1,1,0,1,1
IE90549911_0291.jpg,3,1,1,0,1,1
IE90476016_0319.jpg,3,1,1,0,1,1
IE90480087_0067.jpg,3,1,1,0,1,1
IE88748349_0322.jpg,3,1,1,0,1,1
IE90487558_0301.jpg,3,1,1,0,1,1
IE91730917_0025.jpg,3,1,1,0,1,1
IE90556571_0104.jpg,3,1,1,0,1,1
IE90491995_0004.jpg,3,1,1,0,1,1
IE90943333_0346.jpg,3,1,1,0,1,1
IE90946147_0275.jpg,3,1,1,0,1,1
IE89710591_0412.jpg,3,1,1,0,1,1
IE90560828_0382.jpg,3,1,1,0,1,1
IE92063258_0577.jpg,3,1,1,0,1,1
IE90497262_0108.jpg,3,1,1,0,1,1
IE88767286_0661.jpg,3,1,1,0,1,1
IE90501769_0070.jpg,3,1,1,0,1,1
IE94389226_0046.jpg,3,1,1,0,1,1
IE89734711_0200.jpg,3,1,1,0,1,1
IE89745770_0106.jpg,3,1,1,0,1,1
IE90502001_0426.jpg,3,1,1,0,1,1
IE90502538_0095.jpg,3,1,1,0,1,1
IE94304419_0020.jpg,3,1,1,0,1,1
IE89747530_0524.jpg,3,1,1,0,1,1
IE86505262_0227.jpg,3,1,1,0,1,1
IE92687026_0251.jpg,3,1,1,0,1,1
IE93152531_0214.jpg,3,1,1,0,1,1
IE89748683_0540.jpg,3,1,1,0,1,1
IE93158402_0113.jpg,3,1,1,0,1,1
IE90506829_0692.jpg,3,1,1,0,1,1
IE90509702_0011.jpg,3,1,1,0,1,1
IE94258514_0026.jpg,3,1,1,0,1,1
IE94258853_0012.jpg,3,1,1,0,1,1
IE94308200_0027.jpg,3,1,1,0,1,1
IE94308939_0013.jpg,3,1,1,0,1,1
IE94309408_0020.jpg,3,1,1,0,1,1
IE94309544_0026.jpg,3,1,1,0,1,1
IE94310590_0008.jpg,3,1,1,0,1,1
IE90517973_0454.jpg,3,1,1,0,1,1
IE94310875_0032.jpg,3,1,1,0,1,1
IE92690453_0561.jpg,3,1,1,0,1,1
IE92694851_0060.jpg,3,1,1,0,1,1
IE93161858_0284.jpg,3,1,1,0,1,1
IE95283523_0208.jpg,3,1,1,0,1,1
IE93166631_0195.jpg,3,1,1,0,1,1
IE95285029_0211.jpg,3,1,1,0,1,1
IE93166799_0199.jpg,3,1,1,0,1,1
IE95290876_0258.jpg,3,1,1,0,1,1
IE95295291_0126.jpg,3,1,1,0,1,1
IE93167649_0264.jpg,3,1,1,0,1,1
IE94737371_0498.jpg,3,1,1,0,1,1
IE95680606_0031.jpg,3,1,1,0,1,1
IE93170370_0130.jpg,3,1,1,0,1,1
IE93172488_0211.jpg,3,1,1,0,1,1
IE95841460_0232.jpg,3,1,1,0,1,1
IE95841994_0252.jpg,3,1,1,0,1,1
IE94322063_0050.jpg,3,1,1,0,1,1
IE95842378_0095.jpg,3,1,1,0,1,1
IE90588358_0625.jpg,3,1,1,0,1,1
IE95842714_0119.jpg,3,1,1,0,1,1
IE95847233_0454.jpg,3,1,1,0,1,1
IE95850462_0068.jpg,3,1,1,0,1,1
IE95852009_0421.jpg,3,1,1,0,1,1
IE95853657_0316.jpg,3,1,1,0,1,1
IE95855663_0067.jpg,3,1,1,0,1,1
IE95859171_0324.jpg,3,1,1,0,1,1
IE95860316_0266.jpg,3,1,1,0,1,1
IE90883383_0019.jpg,3,1,1,0,1,1
IE95865933_0331.jpg,3,1,1,0,1,1
IE95866136_0204.jpg,3,1,1,0,1,1
IE107447973_0057.jpg,3,1,1,0,1,1
IE107488073_0009.jpg,3,1,1,0,1,1
IE107489180_0063.jpg,3,1,1,0,1,1
IE87678600_0084.jpg,3,1,1,0,1,1
IE95881107_0180.jpg,3,1,1,0,1,1
IE87682738_0159.jpg,3,1,1,0,1,1
IE107604343_0033.jpg,3,1,1,0,1,1
IE94336851_0066.jpg,3,1,1,0,1,1
IE95735093_0115.jpg,3,1,1,0,1,1
IE95746053_0134.jpg,3,1,1,0,1,1
IE95749905_0184.jpg,3,1,1,0,1,1
IE95751478_0128.jpg,3,1,1,0,1,1
IE93214623_0306.jpg,3,1,1,0,1,1
IE93111184_0016.jpg,3,1,1,0,1,1
IE95658356_0262.jpg,3,1,1,0,1,1
IE93217560_0103.jpg,3,1,1,0,1,1
IE95660060_0066.jpg,3,1,1,0,1,1
IE95660277_0083.jpg,3,1,1,0,1,1
IE95754717_0222.jpg,3,1,1,0,1,1
IE95757772_0140.jpg,3,1,1,0,1,1
IE95665399_0036.jpg,3,1,1,0,1,1
IE90675197_0080.jpg,3,1,1,0,1,1
IE95760825_0135.jpg,3,1,1,0,1,1
IE90812939_0005.jpg,3,1,1,0,1,1
IE93239543_0243.jpg,3,1,1,0,1,1
IE95763704_0271.jpg,3,1,1,0,1,1
IE90818720_0010.jpg,3,1,1,0,1,1
IE95766915_0178.jpg,3,1,1,0,1,1
IE95767729_0408.jpg,3,1,1,0,1,1
IE90690471_0208.jpg,3,1,1,0,1,1
IE95769106_0214.jpg,3,1,1,0,1,1
IE95772079_0154.jpg,3,1,1,0,1,1
IE95775234_0292.jpg,3,1,1,0,1,1
IE95780464_0151.jpg,3,1,1,0,1,1
IE95780952_0118.jpg,3,1,1,0,1,1
IE95781648_0217.jpg,3,1,1,0,1,1
IE95782111_0591.jpg,3,1,1,0,1,1
IE98019647_0068.jpg,3,1,1,0,1,1
IE95784873_0030.jpg,3,1,1,0,1,1
IE98031238_0154.jpg,3,1,1,0,1,1
IE20512082_0007.jpg,3,1,1,0,1,1
IE17629106_0023.jpg,3,1,1,0,1,1
IE20513522_0053.jpg,3,1,1,0,1,1
IE14503342_0219.jpg,3,1,1,0,1,1
IE20517548_0008.jpg,3,1,1,0,1,1
IE12871481_0001.jpg,3,1,1,0,1,1
IE10542504_0000.jpg,3,1,1,0,1,1
IE20519253_0019.jpg,3,1,1,0,1,1
IE17676037_0511.jpg,3,1,1,0,1,1
IE20519328_0017.jpg,3,1,1,0,1,1
IE20519807_0042.jpg,3,1,1,0,1,1
IE12976251_0507.jpg,3,1,1,0,1,1
IE20521161_0038.jpg,3,1,1,0,1,1
IE20521681_0069.jpg,3,1,1,0,1,1
IE17868984_0439.jpg,3,1,1,0,1,1
IE18676196_0023.jpg,3,1,1,0,1,1
IE13185369_0048.jpg,3,1,1,0,1,1
IE10744711_0056.jpg,3,1,1,0,1,1
IE13190043_0037.jpg,3,1,1,0,1,1
IE14780148_0559.jpg,3,1,1,0,1,1
IE10860990_0044.jpg,3,1,1,0,1,1
IE10867465_0174.jpg,3,1,1,0,1,1
IE18928024_0140.jpg,3,1,1,0,1,1
IE12227484_0023.jpg,3,1,1,0,1,1
IE13345296_0044.jpg,3,1,1,0,1,1
IE12228153_0044.jpg,3,1,1,0,1,1
IE20826080_0010.jpg,3,1,1,0,1,1
IE12276001_0155.jpg,3,1,1,0,1,1
IE20854727_0035.jpg,3,1,1,0,1,1
IE12387064_0051.jpg,3,1,1,0,1,1
IE19385222_0046.jpg,3,1,1,0,1,1
IE15078750_0383.jpg,3,1,1,0,1,1
IE20863479_0288.jpg,3,1,1,0,1,1
IE15532318_0014.jpg,3,1,1,0,1,1
IE20868685_0192.jpg,3,1,1,0,1,1
IE15652308_0025.jpg,3,1,1,0,1,1
IE12777214_0216.jpg,3,1,1,0,1,1
IE22604339_0019.jpg,3,1,1,0,1,1
IE12854202_0066.jpg,3,1,1,0,1,1
IE21064386_0270.jpg,3,1,1,0,1,1
IE13836038_0052.jpg,3,1,1,0,1,1
IE15792186_0218.jpg,3,1,1,0,1,1
IE21078848_0014.jpg,3,1,1,0,1,1
IE21079070_0022.jpg,3,1,1,0,1,1
IE21080563_0042.jpg,3,1,1,0,1,1
IE21081130_0067.jpg,3,1,1,0,1,1
IE13962720_0358.jpg,3,1,1,0,1,1
IE15796700_0522.jpg,3,1,1,0,1,1
IE15802602_0249.jpg,3,1,1,0,1,1
IE15819077_0378.jpg,3,1,1,0,1,1
IE15842522_0290.jpg,3,1,1,0,1,1
IE14254103_0250.jpg,3,1,1,0,1,1
IE15856219_0132.jpg,3,1,1,0,1,1
IE14314725_0006.jpg,3,1,1,0,1,1
IE15861346_0075.jpg,3,1,1,0,1,1
IE20253294_0008.jpg,3,1,1,0,1,1
IE15966897_0031.jpg,3,1,1,0,1,1
IE20254218_0054.jpg,3,1,1,0,1,1
IE16005930_0056.jpg,3,1,1,0,1,1
IE20254252_0283.jpg,3,1,1,0,1,1
IE16045229_0021.jpg,3,1,1,0,1,1
IE20507968_0046.jpg,3,1,1,0,1,1
IE20508777_0096.jpg,3,1,1,0,1,1
IE20508906_0207.jpg,3,1,1,0,1,1
IE20509400_0028.jpg,3,1,1,0,1,1
IE20509504_0050.jpg,3,1,1,0,1,1
IE20509955_0013.jpg,3,1,1,0,1,1
IE16332986_0023.jpg,3,1,1,0,1,1
IE20511623_0266.jpg,3,1,1,0,1,1
IE16500478_0005.jpg,3,1,1,0,1,1
IE16648452_0185.jpg,3,1,1,0,1,1
IE16648532_0401.jpg,3,1,1,0,1,1
IE16654017_0062.jpg,3,1,1,0,1,1
IE17294065_0450.jpg,3,1,1,0,1,1
